Name,ShortName,Brand,Typ,THC,CBD,Sativa,Indica,URL
Tropicana Cookies (Zamnesia Seeds) feminisiert,Tropicana Cookies,Zamnesia Seeds,F,22,5,60,40,https://www.zamnesia.com/de/10921-zamnesia-seeds-tropicana-cookies.html
Black Diamond (Zamnesia Seeds) feminisiert,Black Diamond,Zamnesia Seeds,F,23,1,10,90,https://www.zamnesia.com/de/11187-zamnesia-seeds-black-diamond.html
Pink Rozay (Zamnesia Seeds) feminisiert,Pink Rozay,Zamnesia Seeds,F,25,5,0,0,https://www.zamnesia.com/de/7646-zamnesia-seeds-pink-rozay.html
OG Kush (Zamnesia Seeds) feminisiert,OG Kush,Zamnesia Seeds,F,19,3,25,75,https://www.zamnesia.com/de/3274-zamnesia-seeds-og-kush-feminisiert.html
Fat Bastard (Blimburn Seeds) feminisiert,Fat Bastard,Blimburn Seeds,F,38,0,0,0,https://www.zamnesia.com/de/12573-blimburn-seeds-fat-bastard.html
Blueberry (Zamnesia Seeds) feminisiert,Blueberry,Zamnesia Seeds,F,18,1,20,80,https://www.zamnesia.com/de/7133-zamnesia-seeds-blueberry.html
Slurricane (Zamnesia Seeds) feminisiert,Slurricane,Zamnesia Seeds,F,28,1,40,60,https://www.zamnesia.com/de/11177-zamnesia-seeds-slurricane.html
Colombian Gold (Zamnesia Seeds) feminisiert,Colombian Gold,Zamnesia Seeds,F,18,5,0,0,https://www.zamnesia.com/de/10170-zamnesia-seeds-colombian-gold.html
Blue Dream (Zamnesia Seeds) feminisiert,Blue Dream,Zamnesia Seeds,F,19,1,80,20,https://www.zamnesia.com/de/3271-zamnesia-seeds-blue-dream-feminisiert.html
Tangerine Dream (Zamnesia Seeds) feminisiert,Tangerine Dream,Zamnesia Seeds,F,25,5,60,40,https://www.zamnesia.com/de/10966-zamnesia-seeds-tangerine-dream.html
Rainbow Sherbet (Zamnesia Seeds) feminisiert,Rainbow Sherbet,Zamnesia Seeds,F,25,1,30,70,https://www.zamnesia.com/de/11229-zamnesia-seeds-rainbow-sherbet.html
Classic Skunk (Zamnesia Seeds) feminisiert,Classic Skunk,Zamnesia Seeds,F,17,3,50,50,https://www.zamnesia.com/de/3316-zamnesia-seeds-classic-skunk-feminisiert.html
Fruit Punch (Zamnesia Seeds) feminisiert,Fruit Punch,Zamnesia Seeds,F,22,1,70,30,https://www.zamnesia.com/de/10963-zamnesia-seeds-fruit-punch.html
Cash Express (Zamnesia Seeds) feminisiert,Cash Express,Zamnesia Seeds,F,18,1,50,50,https://www.zamnesia.com/de/4338-zamnesia-seeds-cash-express-feminisiert.html
Dutch Treat (Zamnesia Seeds) feminisiert,Dutch Treat,Zamnesia Seeds,F,24,1,20,80,https://www.zamnesia.com/de/11199-zamnesia-seeds-dutch-treat.html
King Louis (Zamnesia Seeds) feminisiert,King Louis,Zamnesia Seeds,F,24,1,25,75,https://www.zamnesia.com/de/11237-zamnesia-seeds-king-louis.html
Black Orchid (Zamnesia Seeds) feminisiert,Black Orchid,Zamnesia Seeds,F,22,5,30,70,https://www.zamnesia.com/de/9483-zamnesia-seeds-black-orchid.html
Zammi Special (Zamnesia Seeds) feminisiert,Zammi Special,Zamnesia Seeds,F,16,1,25,75,https://www.zamnesia.com/de/6146-zamnesia-seeds-zammi-special-feminisiert.html
Bubblegum (Zamnesia Seeds) feminisiert,Bubblegum,Zamnesia Seeds,F,19,3,60,40,https://www.zamnesia.com/de/4227-zamnesia-seeds-bubblegum-feminisiert.html
Ice Cream Cake (Zamnesia Seeds) feminisiert,Ice Cream Cake,Zamnesia Seeds,F,22,1,25,75,https://www.zamnesia.com/de/11068-zamnesia-seeds-ice-cream-cake.html
Critical Mass (Zamnesia Seeds) feminisiert,Critical Mass,Zamnesia Seeds,F,18,1,40,60,https://www.zamnesia.com/de/11062-zamnesia-seeds-critical-mass.html
Gelonade (Zamnesia Seeds) feminisiert,Gelonade,Zamnesia Seeds,F,25,5,60,40,https://www.zamnesia.com/de/10970-zamnesia-seeds-gelonade.html
Hindu Kush (Zamnesia Seeds) feminisiert,Hindu Kush,Zamnesia Seeds,F,20,1,0,100,https://www.zamnesia.com/de/10163-zamnesia-seeds-hindu-kush.html
Permanent Marker (Blimburn Seeds) feminisiert,Permanent Marker,Blimburn Seeds,F,34,0,0,0,https://www.zamnesia.com/de/12577-blimburn-seeds-permanent-marker.html
Purple Urkle (Zamnesia Seeds) feminisiert,Purple Urkle,Zamnesia Seeds,F,20,1,20,80,https://www.zamnesia.com/de/11168-zamnesia-seeds-purple-urkle.html
Granddaddy Purple (Zamnesia Seeds) feminisiert,Granddaddy Purple,Zamnesia Seeds,F,22,5,30,70,https://www.zamnesia.com/de/11056-zamnesia-seeds-granddaddy-purple.html
MAC 1 (Zamnesia Seeds) feminisiert,MAC 1,Zamnesia Seeds,F,24,1,50,50,https://www.zamnesia.com/de/10906-zamnesia-seeds-mac-1.html
Alien OG (Zamnesia Seeds) feminisiert,Alien OG,Zamnesia Seeds,F,23,5,40,60,https://www.zamnesia.com/de/10902-zamnesia-seeds-alien-og.html
Skywalker OG (Zamnesia Seeds) feminisiert,Skywalker OG,Zamnesia Seeds,F,24,1,30,70,https://www.zamnesia.com/de/10897-zamnesia-seeds-skywalker-og.html
Thai (Zamnesia Seeds) feminisiert,Thai,Zamnesia Seeds,F,19,5,0,0,https://www.zamnesia.com/de/10165-zamnesia-seeds-thai.html
Watermelon Candy (Zamnesia Seeds) feminsiert,Watermelon Candy,Zamnesia Seeds,,21,1,50,50,https://www.zamnesia.com/de/7485-zamnesia-seeds-watermelon-candy.html
Quick Caramel XL (Zamnesia Seeds) feminisiert,Quick Caramel XL,Zamnesia Seeds,F,17,3,35,65,https://www.zamnesia.com/de/3279-zamnesia-seeds-quick-caramel-xl-feminisiert.html
Choco Haze (Zamnesia Seeds) feminisiert,Choco Haze,Zamnesia Seeds,F,19,1,90,10,https://www.zamnesia.com/de/3315-zamnesia-seeds-choco-haze-feminisiert.html
Giant White Haze (Zamnesia Seeds) feminisiert,Giant White Haze,Zamnesia Seeds,F,20,1,65,35,https://www.zamnesia.com/de/3313-zamnesia-seeds-giant-white-haze-feminisiert.html
White Rhino (Zamnesia Seeds) feminisiert,White Rhino,Zamnesia Seeds,F,19,1,20,80,https://www.zamnesia.com/de/11163-zamnesia-seeds-white-rhino.html
Georgia Pie (Zamnesia Seeds) feminisiert,Georgia Pie,Zamnesia Seeds,F,20,2,50,50,https://www.zamnesia.com/de/11085-zamnesia-seeds-georgia-pie.html
Mango Kush (Zamnesia Seeds) feminisiert,Mango Kush,Zamnesia Seeds,F,18,1,35,65,https://www.zamnesia.com/de/10919-zamnesia-seeds-mango-kush.html
Jealousy (Zamnesia Seeds) feminisiert,Jealousy,Zamnesia Seeds,F,25,1,45,55,https://www.zamnesia.com/de/9479-zamnesia-seeds-jealousy.html
Larry Bird Kush (Zamnesia Seeds) feminisiert,Larry Bird Kush,Zamnesia Seeds,F,26,1,50,50,https://www.zamnesia.com/de/5173-zamnesia-seeds-larry-bird-kush-feminisiert.html
Blue Widow (Zamnesia Seeds) feminisiert,Blue Widow,Zamnesia Seeds,F,17,1,60,40,https://www.zamnesia.com/de/3277-zamnesia-seeds-blue-widow-feminisiert.html
Lamb's Bread (Zamnesia Seeds) feminisiert,Lamb's Bread,Zamnesia Seeds,F,18,1,0,0,https://www.zamnesia.com/de/10654-zamnesia-seeds-lambs-bread.html
Passion Fruitz (Zamnesia Seeds) feminisiert,Passion Fruitz,Zamnesia Seeds,F,24,1,50,50,https://www.zamnesia.com/de/13321-zamnesia-seeds-passion-fruitz.html
Scrambler Haze (Blimburn Seeds) feminisiert,Scrambler Haze,Blimburn Seeds,F,36,0,0,0,https://www.zamnesia.com/de/12557-blimburn-seeds-scrambler-haze.html
Wedding Crasher (Zamnesia Seeds) feminisiert,Wedding Crasher,Zamnesia Seeds,F,21,1,40,60,https://www.zamnesia.com/de/11196-zamnesia-seeds-wedding-crasher.html
Karen Kush (Zamnesia Seeds) feminisiert,Karen Kush,Zamnesia Seeds,F,24,1,40,60,https://www.zamnesia.com/de/10780-zamnesia-seeds-karen-kush.html
Do-Si-Dos (Zamnesia Seeds) feminisiert,Do-Si-Dos,Zamnesia Seeds,F,20,5,0,70,https://www.zamnesia.com/de/7686-zamnesia-seeds-do-si-dos.html
Jet Fuel (Zamnesia Seeds) feminisiert,Jet Fuel,Zamnesia Seeds,F,22,1,60,40,https://www.zamnesia.com/de/11258-zamnesia-seeds-jet-fuel.html
Birthday Cake (Zamnesia Seeds) feminisiert,Birthday Cake,Zamnesia Seeds,F,23,1,50,50,https://www.zamnesia.com/de/11076-zamnesia-seeds-birthday-cake.html
Sundae Driver (Zamnesia Seeds) feminisiert,Sundae Driver,Zamnesia Seeds,F,22,1,50,50,https://www.zamnesia.com/de/11071-zamnesia-seeds-sundae-driver.html
Trainwreck (Zamnesia Seeds) feminisiert,Trainwreck,Zamnesia Seeds,F,18,1,70,30,https://www.zamnesia.com/de/11054-zamnesia-seeds-trainwreck.html
Animal Mints (Zamnesia Seeds) feminisiert,Animal Mints,Zamnesia Seeds,F,23,5,0,0,https://www.zamnesia.com/de/10944-zamnesia-seeds-animal-mints.html
Rollercoaster Haze (Zamnesia Seeds) feminisiert,Rollercoaster Haze,Zamnesia Seeds,F,20,5,0,0,https://www.zamnesia.com/de/9657-zamnesia-seeds-rollercoaster-haze.html
X (Zamnesia Seeds) Feminisiert,X,Zamnesia Seeds,F,23,5,70,30,https://www.zamnesia.com/de/8879-zamnesia-seeds-x.html
Sunset Sherbet (Zamnesia Seeds) Feminisiert,Sunset Sherbet,Zamnesia Seeds,F,21,1,0,0,https://www.zamnesia.com/de/7691-zamnesia-seeds-sunset-sherbet.html
CBD Fix (Zamnesia Seeds) feminisiert,CBD Fix,Zamnesia Seeds,F,1,7,0,0,https://www.zamnesia.com/de/5635-zamnesia-seeds-cbd-fix-feminisiert.html
Sweet Lemon AK (Zamnesia Seeds) feminisiert,Sweet Lemon AK,Zamnesia Seeds,F,18,1,60,40,https://www.zamnesia.com/de/3314-zamnesia-seeds-Sweet-lemon-ak-feminisiert.html
Monster Bud Kush (Zamnesia Seeds) feminisiert,Monster Bud Kush,Zamnesia Seeds,F,17,1,20,80,https://www.zamnesia.com/de/3278-zamnesia-seeds-monster-bud-kush-feminisiert.html
Motorbreath (Zamnesia Seeds) feminisiert,Motorbreath,Zamnesia Seeds,F,26,1,40,60,https://www.zamnesia.com/de/11225-zamnesia-seeds-motorbreath.html
Cherry Pie (Zamnesia Seeds) feminisiert,Cherry Pie,Zamnesia Seeds,F,20,1,40,60,https://www.zamnesia.com/de/11080-zamnesia-seeds-cherry-pie.html
Sticky Broccoli (Zamnesia Seeds) feminisiert,Sticky Broccoli,Zamnesia Seeds,F,23,1,10,90,https://www.zamnesia.com/de/10818-zamnesia-seeds-sticky-broccoli.html
Cosmic Noodles (Zamnesia Seeds) feminisiert,Cosmic Noodles,Zamnesia Seeds,F,25,1,40,60,https://www.zamnesia.com/de/10777-zamnesia-seeds-cosmic-noodles.html
Frosted Guava (Zamnesia Seeds) feminisiert,Frosted Guava,Zamnesia Seeds,F,22,5,0,0,https://www.zamnesia.com/de/7676-zamnesia-seeds-frosted-guava.html
THC Bunker Buster (Zamnesia Seeds) feminisiert,THC Bunker Buster,Zamnesia Seeds,F,18,3,20,80,https://www.zamnesia.com/de/4332-zamnesia-seeds-thc-bunker-buster-feminisiert.html
Sticky Beast (Zamnesia Seeds) feminisiert,Sticky Beast,Zamnesia Seeds,F,18,1,20,80,https://www.zamnesia.com/de/5235-sticky-beast-zamnesia-seeds-feminisiert.html
Zoap Rosé (Kannabia) feminisiert,Zoap Rosé,Kannabia,F,22,3,45,55,https://www.zamnesia.com/de/13901-kannabia-zoap-rose.html
Glookies (Blimburn Seeds) feminisiert,Glookies,Blimburn Seeds,F,25,0,0,0,https://www.zamnesia.com/de/12575-blimburn-seeds-glookies.html
Hippo High (Blimburn Seeds) feminisiert,Hippo High,Blimburn Seeds,F,32,0,0,0,https://www.zamnesia.com/de/12554-blimburn-seeds-hippo-high.html
Stoned Panda (Blimburn Seeds) feminisiert,Stoned Panda,Blimburn Seeds,F,32,0,0,0,https://www.zamnesia.com/de/12551-blimburn-seeds-stoned-panda.html
GG#4 (Blimburn Seeds) feminisiert,GG#4,Blimburn Seeds,F,27,0,0,0,https://www.zamnesia.com/de/12549-blimburn-seeds-gg4.html
Granddaddy Purple (Blimburn Seeds) feminisiert,Granddaddy Purple,Blimburn Seeds,F,25,0,0,0,https://www.zamnesia.com/de/12537-blimburn-seeds-granddaddy-purple.html
Blue Dream (Blimburn Seeds) feminisiert,Blue Dream,Blimburn Seeds,F,24,0,0,0,https://www.zamnesia.com/de/12535-blimburn-seeds-blue-dream.html
Sour Diesel (Blimburn Seeds) feminisiert,Sour Diesel,Blimburn Seeds,F,25,0,0,0,https://www.zamnesia.com/de/12532-blimburn-seeds-sour-diesel.html
Green Crack (Blimburn Seeds) feminisiert,Green Crack,Blimburn Seeds,F,21,0,0,0,https://www.zamnesia.com/de/12529-blimburn-seeds-green-crack.html
Zookies (Zamnesia Seeds) feminisiert,Zookies,Zamnesia Seeds,F,20,1,50,50,https://www.zamnesia.com/de/11173-zamnesia-seeds-zookies.html
Lava Cake (Zamnesia Seeds) feminisiert,Lava Cake,Zamnesia Seeds,F,23,5,30,70,https://www.zamnesia.com/de/7642-zamnesia-seeds-lava-cake.html
Grizzly Glue (Zamnesia Seeds) feminisiert,Grizzly Glue,Zamnesia Seeds,F,25,5,35,65,https://www.zamnesia.com/de/11410-zamnesia-seeds-grizzly-glue.html
Hyper Vyper (Zamnesia Seeds) feminisiert,Hyper Vyper,Zamnesia Seeds,F,26,1,70,30,https://www.zamnesia.com/de/11406-zamnesia-seeds-hyper-vyper.html
Thai Dream (Royal Queen Seeds x Zamnesia) feminisiert,Thai Dream,Royal Queen Seeds x Zamnesia,F,1,0,60,40,https://www.zamnesia.com/de/11271-royal-queen-seeds-x-zamnesia-thai-dream.html
Animal Cookies (Zamnesia Seeds) feminisiert,Animal Cookies,Zamnesia Seeds,F,21,1,0,0,https://www.zamnesia.com/de/10940-zamnesia-seeds-animal-cookies.html
Chop OG (Exotic Seed x Zamnesia Seeds) feminisiert,Chop OG,Exotic Seed x Zamnesia Seeds,F,24,1,30,70,https://www.zamnesia.com/de/11341-exotic-seed-x-zamnesia-seeds-chop-og.html
Rainbow Belts (Zamnesia Seeds) feminisiert,Rainbow Belts,Zamnesia Seeds,F,22,1,30,70,https://www.zamnesia.com/de/11180-zamnesia-seeds-rainbow-belts.html
Green Goblin (Zamnesia Seeds) feminisiert,Green Goblin,Zamnesia Seeds,F,18,1,0,0,https://www.zamnesia.com/de/10948-zamnesia-seeds-green-goblin.html
Candy Rain (Zamnesia Seeds) feminisiert,Candy Rain,Zamnesia Seeds,F,20,5,30,70,https://www.zamnesia.com/de/9481-zamnesia-seeds-candy-rain.html
Power Plant (Zamnesia Seeds) feminisiert,Power Plant,Zamnesia Seeds,F,19,1,60,40,https://www.zamnesia.com/de/11064-zamnesia-seeds-power-plant.html
Forbidden Fruit (Zamnesia Seeds) feminisiert,Forbidden Fruit,Zamnesia Seeds,F,21,1,25,75,https://www.zamnesia.com/de/10923-zamnesia-seeds-forbidden-fruit.html
Bubba Kush (Zamnesia Seeds) feminisiert,Bubba Kush,Zamnesia Seeds,F,22,5,20,80,https://www.zamnesia.com/de/11051-zamnesia-seeds-bubba-kush.html
Bubble Gum Sherb (Blimburn Seeds) feminisiert,Bubble Gum Sherb,Blimburn Seeds,F,32,0,0,0,https://www.zamnesia.com/de/12570-blimburn-seeds-bubble-gum-sherb.html
Sweet-topia Bundle (Zamnesia Seeds) feminisiert,Sweet-topia Bundle,Zamnesia Seeds,F,20,1,0,0,https://www.zamnesia.com/de/14425-sweet-topia-bundle-zamnesia-seeds-feminisiert.html
Glitter Bomb (Blimburn Seeds) feminisiert,Glitter Bomb,Blimburn Seeds,F,29,1,30,70,https://www.zamnesia.com/de/14364-glitter-bomb-blimburn-seeds-feminisiert.html
Trop Cherry (Blimburn Seeds) feminisiert,Trop Cherry,Blimburn Seeds,F,21,1,50,50,https://www.zamnesia.com/de/14361-trop-cherry-blimburn-seeds-feminisiert.html
Pinkman Goo (Blimburn Seeds) feminisiert,Pinkman Goo,Blimburn Seeds,F,18,1,20,80,https://www.zamnesia.com/de/14358-pinkman-goo-blimburn-seeds-feminisiert.html
Stardawg (Blimburn Seeds) feminisiert,Stardawg,Blimburn Seeds,F,25,1,45,55,https://www.zamnesia.com/de/14357-stardawg-blimburn-seeds-feminisiert.html
Cap Junky (Blimburn Seeds) feminisiert,Cap Junky,Blimburn Seeds,F,34,1,40,60,https://www.zamnesia.com/de/14353-cap-junky-blimburn-seeds-feminisiert.html
Gelato (Blimburn Seeds) feminisiert,Gelato,Blimburn Seeds,F,27,0,0,0,https://www.zamnesia.com/de/12546-blimburn-seeds-gelato.html
Cafe Racer (Blimburn Seeds) feminisiert,Cafe Racer,Blimburn Seeds,F,25,0,0,0,https://www.zamnesia.com/de/12542-blimburn-seeds-cafe-racer.html
Green Gelato (Royal Queen Seeds) Feminisiert,Green Gelato,Royal Queen Seeds,F,27,5,45,55,https://www.zamnesia.com/de/5221-royal-queen-seeds-green-gelato-royal-queen-Seeds-feminisiert.html
Special Kush 1 (Royal Queen Seeds) feminisiert,Special Kush 1,Royal Queen Seeds,F,17,5,20,80,https://www.zamnesia.com/de/1973-royal-queen-seeds-special-kush-1-feminisiert.html
Amnesia Haze (Royal Queen Seeds) feminisiert,Amnesia Haze,Royal Queen Seeds,F,20,10,70,30,https://www.zamnesia.com/de/100-royal-queen-seeds-amnesia-haze-feminisiert.html
Special Queen 1 (Royal Queen Seeds) feminisiert,Special Queen 1,Royal Queen Seeds,F,18,5,50,50,https://www.zamnesia.com/de/1972-royal-queen-seeds-special-queen-1-feminisiert.html
Painkiller XL (Royal Queen Seeds) feminisiert,Painkiller XL,Royal Queen Seeds,F,9,9,75,25,https://www.zamnesia.com/de/2884-royal-queen-seeds-painkiller-xl-feminisiert.html
Purple Queen (Royal Queen Seeds) feminisiert,Purple Queen,Royal Queen Seeds,F,22,5,25,75,https://www.zamnesia.com/de/5131-royal-queen-seeds-purple-queen-royal-queen-Seeds-feminisiert.html
Royal Gorilla (Royal Queen Seeds) feminisiert,Royal Gorilla,Royal Queen Seeds,F,26,0,50,50,https://www.zamnesia.com/de/4770-royal-queen-seeds-royal-gorilla-feminisiert.html
Pineapple Kush (Royal Queen Seeds) feminisiert,Pineapple Kush,Royal Queen Seeds,F,18,5,20,80,https://www.zamnesia.com/de/2873-royal-queen-seeds-pineapple-kush-feminisiert.html
Northern Light (Royal Queen Seeds) feminisiert,Northern Light,Royal Queen Seeds,F,18,10,0,100,https://www.zamnesia.com/de/107-royal-queen-seeds-northern-light-feminisiert.html
OG Kush (Royal Queen Seeds) feminisiert,OG Kush,Royal Queen Seeds,F,19,20,25,75,https://www.zamnesia.com/de/115-royal-queen-seeds-og-kush-feminisiert.html
Royal Highness (Royal Queen Seeds) feminisiert,Royal Highness,Royal Queen Seeds,F,14,12,60,40,https://www.zamnesia.com/de/128-royal-queen-seeds-highness-feminisiert.html
Tatanka Pure CBD (Royal Queen Seeds) feminisiert,Tatanka Pure CBD,Royal Queen Seeds,F,1,14,30,70,https://www.zamnesia.com/de/6020-royal-queen-seeds-tatanka-pure-cbd-feminisiert.html
Euphoria (Royal Queen Seeds) feminisiert,Euphoria,Royal Queen Seeds,F,9,10,20,80,https://www.zamnesia.com/de/2882-royal-queen-seeds-euphoria-feminisiert.html
White Widow (Royal Queen Seeds) feminisiert,White Widow,Royal Queen Seeds,F,19,10,35,65,https://www.zamnesia.com/de/101-royal-queen-seeds-white-widow-feminisiert.html
Cookies Gelato (Royal Queen Seeds) feminisiert,Cookies Gelato,Royal Queen Seeds,F,28,5,50,50,https://www.zamnesia.com/de/6434-royal-queen-seeds-cookies-gelato.html
HulkBerry (Royal Queen Seeds) feminisiert,HulkBerry,Royal Queen Seeds,F,28,5,65,35,https://www.zamnesia.com/de/5222-royal-queen-seeds-hulkberry-feminisiert.html
Royal Medic (Royal Queen Seeds) feminisiert,Royal Medic,Royal Queen Seeds,F,10,12,75,25,https://www.zamnesia.com/de/129-royal-queen-seeds-royal-medic-feminisiert.html
Dynamite Diesel (Royal Queen Seeds) feminisiert,Dynamite Diesel,Royal Queen Seeds,F,22,5,35,65,https://www.zamnesia.com/de/11448-royal-queen-seeds-dynamite-diesel.html
Gelato 44 (Royal Queen Seeds) feminisiert,Gelato 44,Royal Queen Seeds,F,22,5,0,0,https://www.zamnesia.com/de/11445-royal-queen-seeds-gelato-44.html
Biscotti (Royal Queen Seeds) feminisiert,Biscotti,Royal Queen Seeds,F,25,5,20,80,https://www.zamnesia.com/de/10113-royal-queen-seeds-biscotti.html
Shogun (Royal Queen Seeds) feminisiert,Shogun,Royal Queen Seeds,F,25,5,70,30,https://www.zamnesia.com/de/5972-royal-queen-seeds-shogun-royal-queen-seeds-feminisiert.html
Honey Cream - Fast Flowering (Royal Queen Seeds) feminisiert,Honey Cream - Fast Flowering,Royal Queen Seeds,F,16,10,35,65,https://www.zamnesia.com/de/2870-royal-queen-seeds-honey-cream-fast-flowering.html
Lemon Shining Silver Haze (Royal Queen Seeds) feminisiert,Lemon Shining Silver Haze,Royal Queen Seeds,F,21,1,75,25,https://www.zamnesia.com/de/3697-royal-queen-seeds-lemon-shining-silver-haze-feminized.html
Skunk XL (Royal Queen Seeds) feminisiert,Skunk XL,Royal Queen Seeds,F,15,20,50,50,https://www.zamnesia.com/de/2867-royal-queen-seeds-skunk-xl-feminisiert.html
Shining Silver Haze (Royal Queen Seeds) feminisiert,Shining Silver Haze,Royal Queen Seeds,F,21,5,75,25,https://www.zamnesia.com/de/105-royal-queen-seeds-shining-silver-haze-feminisiert.html
Cereal Milk (Royal Queen Seeds) feminisiert,Cereal Milk,Royal Queen Seeds,F,23,5,60,40,https://www.zamnesia.com/de/10121-royal-queen-seeds-cereal-milk.html
Mimosa (Royal Queen Seeds) feminisiert,Mimosa,Royal Queen Seeds,F,22,5,70,30,https://www.zamnesia.com/de/8075-royal-queen-seeds-mimosa.html
Fat Banana (Royal Queen Seeds) feminisiert,Fat Banana,Royal Queen Seeds,F,25,5,30,70,https://www.zamnesia.com/de/5130-royal-queen-seeds-fat-banana-feminisiert.html
Critical Kush (Royal Queen Seeds) feminisiert,Critical Kush,Royal Queen Seeds,F,20,10,20,80,https://www.zamnesia.com/de/3696-royal-queen-seeds-critical-kush-feminisiert.html
Royal THCV (Royal Queen Seeds) feminisiert,Royal THCV,Royal Queen Seeds,F,7,5,0,0,https://www.zamnesia.com/de/8088-royal-queen-seeds-royal-thcv.html
Joanne's CBD (Royal Queen Seeds) feminisiert,Joanne's CBD,Royal Queen Seeds,F,1,15,75,25,https://www.zamnesia.com/de/5973-royal-queen-seeds-joannes-cbd-feminisiert.html
AMG - Amnesia Mac Ganja (Royal Queen Seeds) feminisiert,AMG - Amnesia Mac Ganja,Royal Queen Seeds,F,22,5,80,20,https://www.zamnesia.com/de/5574-royal-queen-seeds-amg-feminisiert.html
Dance World (Royal Queen Seeds) feminisiert,Dance World,Royal Queen Seeds,F,12,11,75,25,https://www.zamnesia.com/de/127-royal-queen-seeds-dance-world-feminisiert.html
Speedy Chile - Fast Flowering (Royal Queen Seeds) feminisiert,Speedy Chile - Fast Flowering,Royal Queen Seeds,F,16,5,30,70,https://www.zamnesia.com/de/2877-royal-queen-seeds-speedy-chile-fast-feminisiert.html
Medical Mass (Royal Queen Seeds) feminisiert,Medical Mass,Royal Queen Seeds,F,10,11,40,60,https://www.zamnesia.com/de/2883-royal-queen-seeds-medical-mass-feminisiert.html
Green Crack Punch (Royal Queen Seeds) feminisiert,Green Crack Punch,Royal Queen Seeds,F,20,5,40,60,https://www.zamnesia.com/de/5580-royal-queen-seeds-green-crack-punch-feminisiert.html
Haze Berry (Royal Queen Seeds) feminisiert,Haze Berry,Royal Queen Seeds,F,22,10,60,40,https://www.zamnesia.com/de/1747-royal-queen-seeds-haze-berry-feminisiert.html
Mexican Rush (Royal Queen Seeds) feminisiert,Mexican Rush,Royal Queen Seeds,F,22,5,80,20,https://www.zamnesia.com/de/13649-royal-queen-seeds-mexican-rush.html
Strawberry Cough (Royal Queen Seeds) feminisiert,Strawberry Cough,Royal Queen Seeds,F,20,5,75,25,https://www.zamnesia.com/de/12702-royal-queen-seeds-strawberry-cough.html
Pink Mist (Royal Queen Seeds) feminisiert,Pink Mist,Royal Queen Seeds,F,20,5,70,30,https://www.zamnesia.com/de/12696-royal-queen-seeds-pink-mist.html
Tangie (Royal Queen Seeds) feminisiert,Tangie,Royal Queen Seeds,F,20,5,70,30,https://www.zamnesia.com/de/12691-royal-queen-seeds-tangie.html
Alien OG (Royal Queen Seeds) feminisiert,Alien OG,Royal Queen Seeds,F,25,5,50,50,https://www.zamnesia.com/de/12685-royal-queen-seeds-alien-og.html
Larry OG (Royal Queen Seeds) feminisiert,Larry OG,Royal Queen Seeds,F,22,5,50,50,https://www.zamnesia.com/de/12683-royal-queen-seeds-larry-og.html
Pink Runtz (Royal Queen Seeds) feminisiert,Pink Runtz,Royal Queen Seeds,F,26,5,50,50,https://www.zamnesia.com/de/11554-royal-queen-seeds-pink-runtz.html
Granddaddy Purple (Royal Queen Seeds) feminisiert,Granddaddy Purple,Royal Queen Seeds,F,20,0,25,75,https://www.zamnesia.com/de/11548-royal-queen-seeds-granddaddy-purple.html
Cherry Pie (Royal Queen Seeds) feminisiert,Cherry Pie,Royal Queen Seeds,F,20,5,40,60,https://www.zamnesia.com/de/11545-royal-queen-seeds-cherry-pie.html
Gushers (Royal Queen Seeds) feminisiert,Gushers,Royal Queen Seeds,F,24,5,40,60,https://www.zamnesia.com/de/10115-royal-queen-seeds-gushers.html
Apple Fritter (Royal Queen Seeds) feminisiert,Apple Fritter,Royal Queen Seeds,F,24,5,40,60,https://www.zamnesia.com/de/10111-royal-queen-seeds-apple-fritter.html
Triple G (Royal Queen Seeds) feminisiert,Triple G,Royal Queen Seeds,F,26,5,15,85,https://www.zamnesia.com/de/5971-royal-queen-seeds-triple-g-feminisiert.html
Wedding Gelato (Royal Queen Seeds) feminisiert,Wedding Gelato,Royal Queen Seeds,F,25,5,40,60,https://www.zamnesia.com/de/5581-royal-queen-seeds-wedding-gelato-feminisiert.html
Legendary OG Punch (Royal Queen Seeds) feminisiert,Legendary OG Punch,Royal Queen Seeds,F,19,10,40,60,https://www.zamnesia.com/de/5579-royal-queen-seeds-legendary-og-punch-feminisiert.html
North Thunderfuck (Royal Queen Seeds) feminisiert,North Thunderfuck,Royal Queen Seeds,F,23,5,50,50,https://www.zamnesia.com/de/5578-royal-queen-seeds-north-thunderfuck-feminisiert.html
Royal Cookies (Royal Queen Seeds) feminisiert,Royal Cookies,Royal Queen Seeds,F,23,5,20,80,https://www.zamnesia.com/de/3964-royal-queen-seeds-royal-cookies-feminisiert.html
Mother Gorilla (Royal Queen Seeds) feminisiert,Mother Gorilla,Royal Queen Seeds,F,25,5,70,30,https://www.zamnesia.com/de/2878-royal-queen-seeds-mother-gorilla-feminisiert.html
Royal AK (Royal Queen Seeds) feminisiert,Royal AK,Royal Queen Seeds,F,19,5,60,40,https://www.zamnesia.com/de/2874-royal-queen-seeds-ak-feminisiert.html
Kali Dog (Royal Queen Seeds) feminisiert,Kali Dog,Royal Queen Seeds,F,18,5,60,40,https://www.zamnesia.com/de/1746-royal-queen-seeds-kali-dog-feminisiert.html
Critical (Royal Queen Seeds) feminisiert,Critical,Royal Queen Seeds,F,16,5,40,60,https://www.zamnesia.com/de/110-royal-queen-seeds-critical-feminisiert.html
Wedding Cake (Royal Queen Seeds) feminisiert,Wedding Cake,Royal Queen Seeds,F,20,5,20,80,https://www.zamnesia.com/de/10118-royal-queen-seeds-wedding-cake.html
Tropicana Cookies Purple (Royal Queen Seeds) feminisiert,Tropicana Cookies Purple,Royal Queen Seeds,F,22,5,60,40,https://www.zamnesia.com/de/12693-royal-queen-seeds-tropicana-cookies-purple.html
Trainwreck (Royal Queen Seeds) feminisiert,Trainwreck,Royal Queen Seeds,F,19,5,90,10,https://www.zamnesia.com/de/11557-royal-queen-seeds-trainwreck.html
Wedding Crasher (Royal Queen Seeds) feminisiert,Wedding Crasher,Royal Queen Seeds,F,21,5,55,45,https://www.zamnesia.com/de/6792-royal-queen-seeds-wedding-crasher.html
Royal Runtz (Royal Queen Seeds) feminisiert,Royal Runtz,Royal Queen Seeds,F,27,5,50,50,https://www.zamnesia.com/de/6789-royal-queen-seeds-royal-runtz.html
El Patron (Royal Queen Seeds) feminisiert,El Patron,Royal Queen Seeds,F,22,5,60,40,https://www.zamnesia.com/de/5970-royal-queen-seeds-el-patron-feminisiert.html
Chocolate Haze (Royal Queen Seeds) feminisiert,Chocolate Haze,Royal Queen Seeds,F,20,5,90,10,https://www.zamnesia.com/de/3698-royal-queen-seeds-chocolate-haze-feminisiert.html
Somango XL (Royal Queen Seeds) feminisiert,Somango XL,Royal Queen Seeds,F,18,10,25,75,https://www.zamnesia.com/de/2875-royal-queen-seeds-somango-xl-feminisiert.html
Blue Cheese (Royal Queen Seeds) feminisiert,Blue Cheese,Royal Queen Seeds,F,19,10,40,60,https://www.zamnesia.com/de/2872-royal-queen-seeds-blue-cheese-feminisiert.html
Bubble Kush (Royal Queen Seeds) feminisiert,Bubble Kush,Royal Queen Seeds,F,19,5,20,80,https://www.zamnesia.com/de/2871-royal-queen-seeds-bubble-kush-feminisiert.html
Bubblegum XL (Royal Queen Seeds) feminisiert,Bubblegum XL,Royal Queen Seeds,F,19,10,50,50,https://www.zamnesia.com/de/2869-royal-queen-seeds-bubble-gum-xl-feminisiert.html
Royal Cheese - Fast Flowering (Royal Queen Seeds) feminisiert,Royal Cheese - Fast Flowering,Royal Queen Seeds,F,13,20,0,0,https://www.zamnesia.com/de/2868-royal-queen-seeds-cheese-fast-feminized.html
Sour Diesel (Royal Queen Seeds) feminisiert,Sour Diesel,Royal Queen Seeds,F,19,10,75,25,https://www.zamnesia.com/de/1748-royal-queen-seeds-sour-diesel-feminisiert.html
Fruit Spirit (Royal Queen Seeds) feminisiert,Fruit Spirit,Royal Queen Seeds,F,18,10,0,0,https://www.zamnesia.com/de/103-royal-queen-seeds-fruit-spirit-feminisiert.html
Sundae Driver (Royal Queen Seeds) feminisiert,Sundae Driver,Royal Queen Seeds,F,23,5,50,50,https://www.zamnesia.com/de/10124-royal-queen-seeds-sundae-driver.html
Watermelon (Royal Queen Seeds) feminisiert,Watermelon,Royal Queen Seeds,F,22,5,20,80,https://www.zamnesia.com/de/8071-royal-queen-seeds-watermelon.html
Sherbet Queen (Royal Queen Seeds) feminisiert,Sherbet Queen,Royal Queen Seeds,F,24,0,15,85,https://www.zamnesia.com/de/5577-royal-queen-seeds-sherbet-queen-feminisiert.html
Sweet ZZ (Royal Queen Seeds) feminisiert,Sweet ZZ,Royal Queen Seeds,F,20,5,20,80,https://www.zamnesia.com/de/5576-royal-queen-seeds-Sweet-zz-feminisiert.html
Feminisierter Mix (Royal Queen Seeds),Feminisierter Mix,Royal Queen Seeds,F,1,0,50,50,https://www.zamnesia.com/de/3115-royal-queen-seeds-feminisierter-mix.html
Candy Kush Express - Fast Flowering (Royal Queen Seeds) feminisiert,Candy Kush Express - Fast Flowering,Royal Queen Seeds,F,18,5,40,60,https://www.zamnesia.com/de/2876-royal-queen-seeds-candy-kush-express-fast-feminisiert.html
Punch Pie (Royal Queen Seeds) feminisiert,Punch Pie,Royal Queen Seeds,F,22,5,10,90,https://www.zamnesia.com/de/11450-royal-queen-seeds-punch-pie.html
Power Flower (Royal Queen Seeds) feminisiert,Power Flower,Royal Queen Seeds,F,18,10,85,15,https://www.zamnesia.com/de/104-royal-queen-seeds-power-flower-feminisiert.html
Ice (Royal Queen Seeds) feminisiert,Ice,Royal Queen Seeds,F,18,10,0,0,https://www.zamnesia.com/de/102-royal-queen-seeds-ice-feminisiert.html
Royal Moby (Royal Queen Seeds) feminisiert,Royal Moby,Royal Queen Seeds,F,21,5,65,35,https://www.zamnesia.com/de/114-royal-queen-seeds-moby-feminisiert.html
Royal Skywalker (Royal Queen Seeds) feminisiert,Royal Skywalker,Royal Queen Seeds,F,25,5,40,60,https://www.zamnesia.com/de/8072-royal-queen-seeds-royal-skywalker.html
Royal Domina (Royal Queen Seeds) feminisiert,Royal Domina,Royal Queen Seeds,F,20,5,15,85,https://www.zamnesia.com/de/3963-royal-queen-seeds-royal-domina-feminisiert.html
Lemon Skunk (Royal Queen Seeds) feminisiert,Lemon Skunk,Royal Queen Seeds,F,19,5,50,50,https://www.zamnesia.com/de/12701-royal-queen-seeds-lemon-skunk.html
Blue Mystic (Royal Queen Seeds) feminisiert,Blue Mystic,Royal Queen Seeds,F,20,10,20,80,https://www.zamnesia.com/de/106-royal-queen-seeds-blue-mystic-feminisiert.html
Pink Gorilla (Royal Queen Seeds) feminisiert,Pink Gorilla,Royal Queen Seeds,F,20,5,25,75,https://www.zamnesia.com/de/12684-royal-queen-seeds-pink-gorilla.html
Blue Gelato (Royal Queen Seeds) feminisiert,Blue Gelato,Royal Queen Seeds,F,23,5,20,80,https://www.zamnesia.com/de/8070-royal-queen-seeds-blue-gelato.html
Purple Punch (Royal Queen Seeds) feminisiert,Purple Punch,Royal Queen Seeds,F,21,5,15,85,https://www.zamnesia.com/de/13651-royal-queen-seeds-purple-punch.html
Do-Si-Dos (Royal Queen Seeds) feminisiert,Do-Si-Dos,Royal Queen Seeds,F,25,5,30,70,https://www.zamnesia.com/de/13647-royal-queen-seeds-do-si-dos.html
Sticky Queen (Royal Queen Seeds) feminisiert,Sticky Queen,Royal Queen Seeds,F,23,5,40,60,https://www.zamnesia.com/de/13640-royal-queen-seeds-sticky-queen.html
Forbidden Fruit (Royal Queen Seeds) feminisiert,Forbidden Fruit,Royal Queen Seeds,F,24,5,30,70,https://www.zamnesia.com/de/12688-royal-queen-seeds-forbidden-fruit.html
Grape Ape (Royal Queen Seeds) feminisiert,Grape Ape,Royal Queen Seeds,F,20,5,10,90,https://www.zamnesia.com/de/11551-royal-queen-seeds-grape-ape.html
Critical Kush (Barney's Farm) feminisiert,Critical Kush,Barney's Farm,F,25,2,0,100,https://www.zamnesia.com/de/171-barneys-farm-critical-kush-feminisiert.html
Mimosa x Orange Punch (Barney's Farm) feminisiert,Mimosa x Orange Punch,Barney's Farm,F,30,5,35,65,https://www.zamnesia.com/de/6982-barneys-farm-mimosa-orange-punch.html
LSD (Barney's Farm) feminisiert,LSD,Barney's Farm,F,24,1,30,70,https://www.zamnesia.com/de/175-barneys-farm-lsd-feminisiert.html
Rainbow Sherbet #11 (Kannabia) feminisiert,Rainbow Sherbet #11,Kannabia,F,30,5,30,70,https://www.zamnesia.com/de/11347-rainbow-sherbet-11-kannabia-feminisiert.html
Cherry Poppers (Barney's Farm) Feminized,Cherry Poppers,Barney's Farm,,31,5,60,40,https://www.zamnesia.com/de/13593-cherry-poppers-barney-s-farm-feminized.html
Lemon Cherry Gelato (Barney’s Farm x Backpackboyz) feminisiert,Lemon Cherry Gelato,Barney’s Farm x Backpackboyz,F,33,5,40,60,https://www.zamnesia.com/de/13025-barneys-farm-lemon-cherry-gelato.html
Strawberry Lemonade (Barney's Farm) feminisiert,Strawberry Lemonade,Barney's Farm,F,20,5,60,40,https://www.zamnesia.com/de/5540-barneys-farm-strawberry-lemonade-feminisiert.html
Purple Haze Automatic (Zamnesia Seeds) feminisiert,Purple Haze Automatic,Zamnesia Seeds,F,16,5,0,0,https://www.zamnesia.com/de/8174-zamnesia-seeds-purple-haze-automatic.html
CBD Fix Automatic (Zamnesia Seeds) feminisiert,CBD Fix Automatic,Zamnesia Seeds,F,1,20,0,0,https://www.zamnesia.com/de/5103-zamnesia-seeds-cbd-fix-Auto-feminisiert.html
Monster Dwarf Automatic (Zamnesia Seeds) Feminisiert,Monster Dwarf Automatic,Zamnesia Seeds,F,12,1,0,0,https://www.zamnesia.com/de/4330-zamnesia-seeds-monster-dwarf-auto-feminisiert.html
Lemon Wonder Automatic (Zamnesia Seeds) feminisiert,Lemon Wonder Automatic,Zamnesia Seeds,F,12,1,0,0,https://www.zamnesia.com/de/3332-zamnesia-seeds-lemon-wonder-automatic-feminisiert.html
Sticky Beast Automatic (Zamnesia Seeds) feminisiert,Sticky Beast Automatic,Zamnesia Seeds,F,16,3,10,60,https://www.zamnesia.com/de/3331-zamnesia-seeds-sticky-beast-automatic-feminisiert.html
Amnesia Haze Automatic (Zamnesia Seeds) feminisiert,Amnesia Haze Automatic,Zamnesia Seeds,F,18,3,0,0,https://www.zamnesia.com/de/3326-zamnesia-seeds-amnesia-haze-automatic-feminisiert.html
Blueberry Automatic (Zamnesia Seeds) feminisiert,Blueberry Automatic,Zamnesia Seeds,F,15,3,0,0,https://www.zamnesia.com/de/3323-zamnesia-seeds-blueberry-automatic-feminisiert.html
Ghost Train Haze Automatic (Zamnesia Seeds) feminisiert,Ghost Train Haze Automatic,Zamnesia Seeds,F,24,1,70,30,https://www.zamnesia.com/de/12511-zamnesia-seeds-ghost-train-haze-auto.html
Lemon Cherry Gelato Automatic (Zamnesia Seeds) feminisiert,Lemon Cherry Gelato Automatic,Zamnesia Seeds,F,24,1,40,60,https://www.zamnesia.com/de/11245-zamnesia-seeds-lemon-cherry-gelato-automatic.html
Gushers Automatic (Zamnesia Seeds) feminisiert,Gushers Automatic,Zamnesia Seeds,F,22,1,40,60,https://www.zamnesia.com/de/11241-zamnesia-seeds-gushers-automatic.html
Fruit Punch Automatic (Zamnesia Seeds) feminisiert,Fruit Punch Automatic,Zamnesia Seeds,F,21,1,70,30,https://www.zamnesia.com/de/10965-zamnesia-seeds-fruit-punch-automatic.html
Watermelon Candy F1 Automatic (Zamnesia Seeds) feminisiert,Watermelon Candy F1 Automatic,Zamnesia Seeds,F,23,5,0,0,https://www.zamnesia.com/de/10666-zamnesia-seeds-watermelon-candy-f1-automatic.html
Strawberry Cough Automatic (Zamnesia Seeds) feminisiert,Strawberry Cough Automatic,Zamnesia Seeds,F,15,5,0,0,https://www.zamnesia.com/de/9495-zamnesia-seeds-strawberry-cough-automatic.html
Black Diamond Automatic (Zamnesia Seeds) feminisiert,Black Diamond Automatic,Zamnesia Seeds,F,23,1,10,90,https://www.zamnesia.com/de/11190-zamnesia-seeds-black-diamond-automatic.html
White Truffle Automatic (Zamnesia Seeds) feminisiert,White Truffle Automatic,Zamnesia Seeds,F,23,1,40,60,https://www.zamnesia.com/de/11185-zamnesia-seeds-white-truffle-automatic.html
Green Cure CBD F1 Automatic (Zamnesia Seeds) feminisiert,Green Cure CBD F1 Automatic,Zamnesia Seeds,F,1,18,0,0,https://www.zamnesia.com/de/10672-zamnesia-seeds-green-cure-cbd-f1-automatic.html
King Louis Automatic (Zamnesia Seeds) feminisiert,King Louis Automatic,Zamnesia Seeds,F,24,1,25,75,https://www.zamnesia.com/de/11238-zamnesia-seeds-king-louis-automatic.html
Critical Cheese Automatic (Zamnesia Seeds) feminisiert,Critical Cheese Automatic,Zamnesia Seeds,F,14,3,0,0,https://www.zamnesia.com/de/3334-zamnesia-seeds-critical-cheese-automatic-feminisiert.html
Skywalker OG Automatic (Zamnesia Seeds) feminisiert,Skywalker OG Automatic,Zamnesia Seeds,F,22,5,30,70,https://www.zamnesia.com/de/10899-zamnesia-seeds-skywalker-og-automatic.html
Do-Si-Dos F1 Automatic (Zamnesia Seeds) feminisiert,Do-Si-Dos F1 Automatic,Zamnesia Seeds,F,25,5,0,0,https://www.zamnesia.com/de/10664-zamnesia-seeds-do-si-dos-f1-automatic.html
Jack Herer Automatic (Zamnesia Seeds) feminisiert,Jack Herer Automatic,Zamnesia Seeds,F,16,3,50,50,https://www.zamnesia.com/de/3325-zamnesia-seeds-jack-herer-automatic-feminisiert.html
GG#4 Automatic (Zamnesia Seeds) feminisiert,GG#4 Automatic,Zamnesia Seeds,F,19,1,30,50,https://www.zamnesia.com/de/5409-zamnesia-seeds-gg4-automatic-feminisiert.html
Girl Scout Cookies Automatic (Zamnesia Seeds) feminisiert,Girl Scout Cookies Automatic,Zamnesia Seeds,F,17,1,0,0,https://www.zamnesia.com/de/5408-zamnesia-seeds-girl-scout-cookies-Auto-feminisiert.html
Critical Automatic (Zamnesia Seeds) feminisiert,Critical Automatic,Zamnesia Seeds,F,15,1,0,0,https://www.zamnesia.com/de/3329-zamnesia-seeds-critical-automatic-feminisiert.html
White Rhino Automatic (Zamnesia Seeds) feminisiert,White Rhino Automatic,Zamnesia Seeds,F,20,1,20,80,https://www.zamnesia.com/de/11166-zamnesia-seeds-white-rhino-automatic.html
Blue Cheese F1 Automatic (Zamnesia Seeds) feminisiert,Blue Cheese F1 Automatic,Zamnesia Seeds,F,21,5,0,0,https://www.zamnesia.com/de/10673-zamnesia-seeds-blue-cheese-f1-automatic.html
Lava Cake Automatic (Zamnesia Seeds) feminisiert,Lava Cake Automatic,Zamnesia Seeds,F,23,1,0,0,https://www.zamnesia.com/de/7644-zamnesia-seeds-lava-cake-automatic.html
Diesel Automatic (Zamnesia Seeds) feminisiert,Diesel Automatic,Zamnesia Seeds,F,15,1,0,0,https://www.zamnesia.com/de/3335-zamnesia-seeds-diesel-automatic-feminisiert.html
Passion Fruitz Automatic (Zamnesia Seeds) feminisiert,Passion Fruitz Automatic,Zamnesia Seeds,F,20,1,40,60,https://www.zamnesia.com/de/13322-zamnesia-seeds-passion-fruitz-automatic.html
Blackberry Moonstones Auto (Blimburn Seeds) feminisiert,Blackberry Moonstones Auto,Blimburn Seeds,F,33,0,0,0,https://www.zamnesia.com/de/12579-blimburn-seeds-blackberry-moonstones-auto.html
Georgia Pie Automatic (Zamnesia Seeds) feminisiert,Georgia Pie Automatic,Zamnesia Seeds,F,20,1,50,50,https://www.zamnesia.com/de/11086-zamnesia-seeds-georgia-pie-automatic.html
Auto Purple CousKush (Zamnesia Seeds) feminisiert,Auto Purple CousKush,Zamnesia Seeds,F,20,1,0,0,https://www.zamnesia.com/de/5336-zamnesia-seeds-Auto-purple-couskush-feminisiert.html
Fat Bastard Auto (Blimburn Seeds) feminisiert,Fat Bastard Auto,Blimburn Seeds,F,38,0,0,0,https://www.zamnesia.com/de/12584-blimburn-seeds-fat-bastard-auto.html
AK-420 Automatic (Zamnesia Seeds) feminisiert,AK-420 Automatic,Zamnesia Seeds,F,16,1,0,0,https://www.zamnesia.com/de/3327-zamnesia-seeds-ak-420-automatic-feminisiert.html
Black Runtz Automatic (Zamnesia Seeds) feminisiert,Black Runtz Automatic,Zamnesia Seeds,F,23,1,40,60,https://www.zamnesia.com/de/11162-zamnesia-seeds-black-runtz-automatic.html
Tangerine Dream Automatic (Zamnesia Seeds) feminisiert,Tangerine Dream Automatic,Zamnesia Seeds,F,21,1,60,40,https://www.zamnesia.com/de/10967-zamnesia-seeds-tangerine-dream-automatic.html
Biscotti Automatic (Zamnesia Seeds) feminisiert,Biscotti Automatic,Zamnesia Seeds,F,17,5,0,0,https://www.zamnesia.com/de/9491-zamnesia-seeds-biscotti-automatic.html
Trainwreck Automatic (Zamnesia Seeds) feminisiert,Trainwreck Automatic,Zamnesia Seeds,F,21,5,70,30,https://www.zamnesia.com/de/11055-zamnesia-seeds-trainwreck-automatic.html
Wedding Crasher Automatic (Zamnesia Seeds) feminisiert,Wedding Crasher Automatic,Zamnesia Seeds,F,20,1,40,60,https://www.zamnesia.com/de/11197-zamnesia-seeds-wedding-crasher-automatic.html
Dutch Treat Automatic (Zamnesia Seeds) feminisiert,Dutch Treat Automatic,Zamnesia Seeds,F,18,1,20,80,https://www.zamnesia.com/de/11200-zamnesia-seeds-dutch-treat-automatic.html
Sticky Broccoli Automatic (Zamnesia Seeds) feminisiert,Sticky Broccoli Automatic,Zamnesia Seeds,F,20,1,10,90,https://www.zamnesia.com/de/10819-zamnesia-seeds-sticky-broccoli-automatic.html
Power Plant Automatic (Zamnesia Seeds) feminisiert,Power Plant Automatic,Zamnesia Seeds,F,19,1,60,40,https://www.zamnesia.com/de/11067-zamnesia-seeds-power-plant-automatic.html
Mango Kush Automatic (Zamnesia Seeds) feminisiert,Mango Kush Automatic,Zamnesia Seeds,F,18,5,35,65,https://www.zamnesia.com/de/10920-zamnesia-seeds-mango-kush-automatic.html
Cherry Pie Automatic (Zamnesia Seeds) feminisiert,Cherry Pie Automatic,Zamnesia Seeds,F,19,1,0,0,https://www.zamnesia.com/de/11082-zamnesia-seeds-cherry-pie-automatic.html
Ice Cream Cake Automatic (Zamnesia Seeds) feminisiert,Ice Cream Cake Automatic,Zamnesia Seeds,F,19,1,25,75,https://www.zamnesia.com/de/11069-zamnesia-seeds-ice-cream-cake-automatic.html
Candy Rain Automatic (Zamnesia Seeds) feminisiert,Candy Rain Automatic,Zamnesia Seeds,F,15,5,0,0,https://www.zamnesia.com/de/9488-zamnesia-seeds-candy-rain-automatic.html
Gush Mintz Automatic (Zamnesia Seeds) feminisiert,Gush Mintz Automatic,Zamnesia Seeds,F,20,1,30,70,https://www.zamnesia.com/de/11234-zamnesia-seeds-gush-mintz-automatic.html
Animal Mints Automatic (Zamnesia Seeds) feminisiert,Animal Mints Automatic,Zamnesia Seeds,F,21,1,0,0,https://www.zamnesia.com/de/10946-zamnesia-seeds-animal-mints-auto.html
White Monster Automatic (Zamnesia Seeds) feminisiert,White Monster Automatic,Zamnesia Seeds,F,12,1,0,0,https://www.zamnesia.com/de/4273-zamnesia-seeds-white-monster-automatic-feminisiert.html
Slurricane Automatic (Zamnesia Seeds) feminisiert,Slurricane Automatic,Zamnesia Seeds,F,20,1,20,80,https://www.zamnesia.com/de/11178-zamnesia-seeds-slurricane-automatic.html
MAC 1 Automatic (Zamnesia Seeds) feminisiert,MAC 1 Automatic,Zamnesia Seeds,F,20,1,50,50,https://www.zamnesia.com/de/10907-zamnesia-seeds-mac-1-automatic.html
Caramel Automatic (Zamnesia Seeds) feminisiert,Caramel Automatic,Zamnesia Seeds,F,14,3,0,0,https://www.zamnesia.com/de/3328-zamnesia-seeds-caramel-automatic-feminisiert.html
Purple Urkle Automatic (Zamnesia Seeds) feminisiert,Purple Urkle Automatic,Zamnesia Seeds,F,20,1,20,80,https://www.zamnesia.com/de/11170-zamnesia-seeds-purple-urkle-automatic.html
Alien OG Automatic (Zamnesia Seeds) feminisiert,Alien OG Automatic,Zamnesia Seeds,F,18,1,40,60,https://www.zamnesia.com/de/10904-zamnesia-seeds-alien-og-automatic.html
Jet Fuel Automatic (Zamnesia Seeds) feminisiert,Jet Fuel Automatic,Zamnesia Seeds,F,19,1,60,40,https://www.zamnesia.com/de/11261-zamnesia-seeds-jet-fuel-automatic.html
Karen Kush Automatic (Zamnesia Seeds) feminisiert,Karen Kush Automatic,Zamnesia Seeds,F,23,1,40,60,https://www.zamnesia.com/de/10783-zamnesia-seeds-karen-kush-auto.html
Bubba Kush Automatic (Zamnesia Seeds) feminisiert,Bubba Kush Automatic,Zamnesia Seeds,F,20,1,20,80,https://www.zamnesia.com/de/11052-zamnesia-seeds-bubba-kush-automatic.html
Motorbreath Automatic (Zamnesia Seeds) feminisiert,Motorbreath Automatic,Zamnesia Seeds,F,24,1,40,60,https://www.zamnesia.com/de/11228-zamnesia-seeds-motorbreath-automatic.html
Forbidden Fruit Automatic (Zamnesia Seeds) feminisiert,Forbidden Fruit Automatic,Zamnesia Seeds,F,21,1,25,75,https://www.zamnesia.com/de/10924-zamnesia-seeds-forbidden-fruit-automatic.html
Cosmic Noodles Automatic (Zamnesia Seeds) feminisiert,Cosmic Noodles Automatic,Zamnesia Seeds,F,21,1,40,60,https://www.zamnesia.com/de/10779-zamnesia-seeds-cosmic-noodles-automatic.html
Bearberry Automatic (Zamnesia Seeds) feminisiert,Bearberry Automatic,Zamnesia Seeds,F,17,1,30,70,https://www.zamnesia.com/de/13470-zamnesia-seeds-bearberry-automatic.html
Raspberry Howl Automatic (Zamnesia Seeds) feminisiert,Raspberry Howl Automatic,Zamnesia Seeds,F,20,1,20,80,https://www.zamnesia.com/de/13467-zamnesia-seeds-raspberry-howl-automatic.html
Glookies Auto (Blimburn Seeds) feminisiert,Glookies Auto,Blimburn Seeds,F,25,0,0,0,https://www.zamnesia.com/de/12586-blimburn-seeds-glookies-auto.html
Grizzly Purple Auto (Blimburn Seeds) feminisiert,Grizzly Purple Auto,Blimburn Seeds,F,13,0,0,0,https://www.zamnesia.com/de/12519-blimburn-seeds-grizzly-purple-auto.html
Rainbow Belts Automatic (Zamnesia Seeds) feminisiert,Rainbow Belts Automatic,Zamnesia Seeds,F,20,1,30,70,https://www.zamnesia.com/de/11182-zamnesia-seeds-rainbow-belts-automatic.html
Zookies Automatic (Zamnesia Seeds) feminisiert,Zookies Automatic,Zamnesia Seeds,F,18,1,30,70,https://www.zamnesia.com/de/11174-zamnesia-seeds-zookies-auto.html
Shady Apples Automatic (Zamnesia Seeds) feminisiert,Shady Apples Automatic,Zamnesia Seeds,F,20,1,50,50,https://www.zamnesia.com/de/13463-zamnesia-seeds-shady-apples-automatic.html
GG#4 Auto (Blimburn Seeds) feminisiert,GG#4 Auto,Blimburn Seeds,F,24,0,0,0,https://www.zamnesia.com/de/12563-blimburn-seeds-gg4-auto.html
Girl Scout Cookies Auto (Blimburn Seeds) feminisiert,Girl Scout Cookies Auto,Blimburn Seeds,F,22,0,0,0,https://www.zamnesia.com/de/12560-blimburn-seeds-girl-scout-cookies-auto.html
Godfeather OG F1 Automatic (Zamnesia Seeds) feminisiert,Godfeather OG F1 Automatic,Zamnesia Seeds,F,22,5,0,0,https://www.zamnesia.com/de/11413-zamnesia-seeds-godfeather-og-f1-automatic.html
Kitsune Kush Auto (Zamnesia Seeds) feminisiert,Kitsune Kush Auto,Zamnesia Seeds,F,18,5,60,40,https://www.zamnesia.com/de/11404-zamnesia-seeds-kitsune-kush-auto.html
Birthday Cake Automatic (Zamnesia Seeds) feminisiert,Birthday Cake Automatic,Zamnesia Seeds,F,17,1,35,65,https://www.zamnesia.com/de/11078-zamnesia-seeds-birthday-cake-automatic.html
Animal Cookies Automatic (Zamnesia Seeds) feminisiert,Animal Cookies Automatic,Zamnesia Seeds,F,19,1,0,0,https://www.zamnesia.com/de/10943-zamnesia-seeds-animal-cookies-automatic.html
Grape God Automatic (Zamnesia Seeds) feminisiert,Grape God Automatic,Zamnesia Seeds,F,15,1,30,70,https://www.zamnesia.com/de/13472-zamnesia-seeds-grape-god-automatic.html
Purple Lemonade Auto (Blimburn Seeds) feminisiert,Purple Lemonade Auto,Blimburn Seeds,F,22,0,0,0,https://www.zamnesia.com/de/12589-blimburn-seeds-purple-lemonade-auto.html
Howling Haze Auto (Zamnesia Seeds) feminisiert,Howling Haze Auto,Zamnesia Seeds,F,19,5,65,35,https://www.zamnesia.com/de/11408-zamnesia-seeds-howling-haze-auto.html
Citrus Venom Automatic (Zamnesia Seeds) feminisiert,Citrus Venom Automatic,Zamnesia Seeds,F,19,1,60,40,https://www.zamnesia.com/de/13465-zamnesia-seeds-citrus-venom-automatic.html
Green Goblin Automatic (Zamnesia Seeds) feminisiert,Green Goblin Automatic,Zamnesia Seeds,F,18,1,0,0,https://www.zamnesia.com/de/10949-zamnesia-seeds-green-goblin-automatic.html
Cafe Racer Auto (Blimburn Seeds) feminisiert,Cafe Racer Auto,Blimburn Seeds,F,24,0,0,0,https://www.zamnesia.com/de/12564-blimburn-seeds-cafe-racer-auto.html
Sweet-topia Automatic Bundle (Zamnesia Seeds) feminisiert,Sweet-topia Automatic Bundle,Zamnesia Seeds,F,20,1,0,0,https://www.zamnesia.com/de/14428-sweet-topia-automatic-bundle-zamnesia-seeds-feminisiert.html
Apple Fritter Auto (Blimburn Seeds) feminisiert,Apple Fritter Auto,Blimburn Seeds,F,25,0,0,0,https://www.zamnesia.com/de/12582-blimburn-seeds-apple-fritter-auto.html
Medusa F1 Automatic (Royal Queen Seeds) feminisiert,Medusa F1 Automatic,Royal Queen Seeds,F,20,5,0,0,https://www.zamnesia.com/de/9505-medusa-f1-auto-royal-queen-seeds-feminisiert.html
Titan F1 Automatic (Royal Queen Seeds) feminisiert,Titan F1 Automatic,Royal Queen Seeds,F,20,0,0,0,https://www.zamnesia.com/de/9511-titan-f1-auto-royal-queen-seeds-feminisiert.html
Epsilon F1 Automatic (Royal Queen Seeds) feminisiert,Epsilon F1 Automatic,Royal Queen Seeds,F,20,0,0,0,https://www.zamnesia.com/de/9503-epsilon-f1-auto-royal-queen-seeds-feminisiert.html
Special Queen 1 Automatic (Royal Queen Seeds) feminisiert,Special Queen 1 Automatic,Royal Queen Seeds,F,18,5,0,0,https://www.zamnesia.com/de/12709-royal-queen-seeds-special-queen-1-automatic.html
Atlas F1 Auto (Royal Queen Seeds) feminisiert,Atlas F1 Auto,Royal Queen Seeds,F,20,20,0,0,https://www.zamnesia.com/de/13638-royal-queen-seeds-atlas-f1-auto.html
Orion F1 Auto (Royal Queen Seeds) feminisiert,Orion F1 Auto,Royal Queen Seeds,F,20,5,0,0,https://www.zamnesia.com/de/9515-royal-queen-seeds-orion-f1-auto.html
Milky Way F1 Automatic (Royal Queen Seeds) feminisiert,Milky Way F1 Automatic,Royal Queen Seeds,F,20,5,0,0,https://www.zamnesia.com/de/9514-royal-queen-seeds-milky-way-f1-automatic.html
Quick One Automatic (Royal Queen Seeds) feminisiert,Quick One Automatic,Royal Queen Seeds,F,13,10,0,0,https://www.zamnesia.com/de/118-royal-queen-seeds-quick-one-autoflowering.html
Gaia F1 Auto (Royal Queen Seeds) feminisiert,Gaia F1 Auto,Royal Queen Seeds,F,20,5,0,0,https://www.zamnesia.com/de/13636-royal-queen-seeds-gaia-f1-auto.html
Cookies Gelato Automatic (Royal Queen Seeds) Feminisiert,Cookies Gelato Automatic,Royal Queen Seeds,F,23,5,0,75,https://www.zamnesia.com/de/8080-royal-queen-seeds-cookies-gelato-automatic.html
Stress Killer Automatic (Royal Queen Seeds) feminisiert,Stress Killer Automatic,Royal Queen Seeds,F,11,20,0,0,https://www.zamnesia.com/de/3965-royal-queen-seeds-stress-killer-feminisiert.html
Tropicana Cookies Purple Automatic (Royal Queen Seeds) feminisiert,Tropicana Cookies Purple Automatic,Royal Queen Seeds,F,20,5,60,40,https://www.zamnesia.com/de/12704-royal-queen-seeds-tropicana-cookies-purple-automatic.html
Purplematic CBD Automatic (Royal Queen Seeds) feminisiert,Purplematic CBD Automatic,Royal Queen Seeds,F,1,17,5,90,https://www.zamnesia.com/de/5969-royal-queen-seeds-purplematic-cbd-feminisiert.html
Apollo F1 Automatic (Royal Queen Seeds) feminisiert,Apollo F1 Automatic,Royal Queen Seeds,F,20,5,0,0,https://www.zamnesia.com/de/9509-apollo-f1-auto-royal-queen-seeds-feminisiert.html
Royal Gorilla Automatic (Royal Queen Seeds) feminisiert,Royal Gorilla Automatic,Royal Queen Seeds,F,20,5,0,0,https://www.zamnesia.com/de/5129-royal-queen-seeds-royal-gorilla-automatic-feminisiert.html
Hyperion F1 Automatic (Royal Queen Seeds) feminisiert,Hyperion F1 Automatic,Royal Queen Seeds,F,20,5,0,0,https://www.zamnesia.com/de/9506-hyperion-f1-auto-royal-queen-seeds-feminisiert.html
North Thunderfuck Automatic (Royal Queen Seeds) Feminisiert,North Thunderfuck Automatic,Royal Queen Seeds,F,21,1,0,0,https://www.zamnesia.com/de/8083-royal-queen-seeds-north-thunderfuck-automatic.html
Fast Eddy Automatic (Royal Queen Seeds) feminisiert,Fast Eddy Automatic,Royal Queen Seeds,F,9,20,0,0,https://www.zamnesia.com/de/3966-royal-queen-seeds-fast-eddy-feminisiert.html
Northern Light Automatic (Royal Queen Seeds) feminisiert,Northern Light Automatic,Royal Queen Seeds,F,17,10,0,0,https://www.zamnesia.com/de/122-royal-queen-seeds-northern-light-automatic.html
Royal Dwarf Automatic (Royal Queen Seeds) feminisiert,Royal Dwarf Automatic,Royal Queen Seeds,F,15,5,10,60,https://www.zamnesia.com/de/116-royal-queen-seeds-dwarf-autoflowering.html
Green Gelato Automatic (Royal Queen Seeds) feminisiert,Green Gelato Automatic,Royal Queen Seeds,F,24,5,0,0,https://www.zamnesia.com/de/5946-royal-queen-seeds-green-gelato-automatic-feminisiert.html
Royal Runtz Automatic (Royal Queen Seeds) feminisiert,Royal Runtz Automatic,Royal Queen Seeds,F,19,1,0,0,https://www.zamnesia.com/de/8086-royal-queen-seeds-royal-runtz-automatic.html
Mimosa Automatic (Royal Queen Seeds) feminisiert,Mimosa Automatic,Royal Queen Seeds,F,21,5,0,0,https://www.zamnesia.com/de/6803-royal-queen-seeds-mimosa-automatic.html
White Widow Automatic (Royal Queen Seeds) feminisiert,White Widow Automatic,Royal Queen Seeds,F,17,10,40,40,https://www.zamnesia.com/de/1740-royal-queen-seeds-white-widow-automatic-feminisiert.html
Fat Banana Auto (Royal Queen Seeds) feminisiert,Fat Banana Auto,Royal Queen Seeds,F,22,0,0,0,https://www.zamnesia.com/de/5945-royal-queen-seeds-fat-banana-Auto-feminisiert.html
Cosmos F1 CBD Automatic (Royal Queen Seeds) feminisiert,Cosmos F1 CBD Automatic,Royal Queen Seeds,F,1,20,0,0,https://www.zamnesia.com/de/9516-cosmos-f1-cbd-royal-queen-seeds-feminisiert.html
Purple Punch Automatic (Royal Queen Seeds) feminisiert,Purple Punch Automatic,Royal Queen Seeds,F,19,5,0,0,https://www.zamnesia.com/de/6801-royal-queen-seeds-purple-punch-automatic.html
Solomatic CBD (Royal Queen Seeds) feminisiert,Solomatic CBD,Royal Queen Seeds,F,1,21,0,0,https://www.zamnesia.com/de/5575-royal-queen-seeds-solomatic-cbd-feminisiert.html
Wedding Cake Automatic (Royal Queen Seeds) feminisiert,Wedding Cake Automatic,Royal Queen Seeds,F,19,5,25,75,https://www.zamnesia.com/de/10128-royal-queen-seeds-wedding-cake-automatic.html
Easy Bud Automatic (Royal Queen Seeds) feminisiert,Easy Bud Automatic,Royal Queen Seeds,F,12,5,15,55,https://www.zamnesia.com/de/117-royal-queen-seeds-easy-bud-autoflowering.html
HulkBerry Automatic (Royal Queen Seeds) feminisiert,HulkBerry Automatic,Royal Queen Seeds,F,21,5,65,30,https://www.zamnesia.com/de/6175-royal-queen-seeds-hulkberry-automatic-feminisiert.html
Blue Cheese Automatic (Royal Queen Seeds) feminisiert,Blue Cheese Automatic,Royal Queen Seeds,F,16,5,0,0,https://www.zamnesia.com/de/3695-royal-queen-seeds-blue-cheese-automatic-feminisiert.html
Purple Lemonade Auto (Royal Queen Seeds) feminisiert,Purple Lemonade Auto,Royal Queen Seeds,F,22,5,30,70,https://www.zamnesia.com/de/12706-royal-queen-seeds-purple-lemonade-auto.html
Amnesia Haze Automatic (Royal Queen Seeds) feminisiert,Amnesia Haze Automatic,Royal Queen Seeds,F,19,10,0,0,https://www.zamnesia.com/de/1738-royal-queen-seeds-amnesia-haze-automatic-feminisiert.html
Royal Kush Automatic (Royal Queen Seeds) feminisiert,Royal Kush Automatic,Royal Queen Seeds,F,13,10,0,0,https://www.zamnesia.com/de/2880-royal-queen-seeds-kush-automatic-feminisiert.html
Mexican Rush Auto (Royal Queen Seeds) feminisiert,Mexican Rush Auto,Royal Queen Seeds,F,20,5,0,80,https://www.zamnesia.com/de/13643-royal-queen-seeds-mexican-rush-auto.html
Trainwreck Automatic (Royal Queen Seeds) feminisiert,Trainwreck Automatic,Royal Queen Seeds,F,19,5,80,20,https://www.zamnesia.com/de/11558-royal-queen-seeds-trainwreck-automatic.html
Pink Runtz Automatic (Royal Queen Seeds) feminisiert,Pink Runtz Automatic,Royal Queen Seeds,F,22,5,50,50,https://www.zamnesia.com/de/11555-royal-queen-seeds-pink-runtz-automatic.html
Grape Ape Automatic (Royal Queen Seeds) feminisiert,Grape Ape Automatic,Royal Queen Seeds,F,19,5,15,85,https://www.zamnesia.com/de/11553-royal-queen-seeds-grape-ape-automatic.html
Corkscrew Automatic (Royal Queen Seeds) feminisiert,Corkscrew Automatic,Royal Queen Seeds,F,19,5,55,45,https://www.zamnesia.com/de/11454-royal-queen-seeds-corkscrew-automatic.html
Royal CBG Automatic (Royal Queen Seeds) feminisiert,Royal CBG Automatic,Royal Queen Seeds,F,1,20,0,0,https://www.zamnesia.com/de/6805-royal-queen-seeds-royal-cbg-automatic.html
Sweet ZZ Automatic (Royal Queen Seeds) feminisiert,Sweet ZZ Automatic,Royal Queen Seeds,F,18,5,0,0,https://www.zamnesia.com/de/5947-royal-queen-seeds-Sweet-zz-automatic-feminisiert.html
Royal Cookies Automatic (Royal Queen Seeds) feminisiert,Royal Cookies Automatic,Royal Queen Seeds,F,18,5,0,0,https://www.zamnesia.com/de/5137-royal-queen-seeds-royal-cookies-automatic-feminisiert.html
Royal Bluematic (Royal Queen Seeds) feminisiert,Royal Bluematic,Royal Queen Seeds,F,15,10,0,0,https://www.zamnesia.com/de/124-royal-queen-seeds-bluematic-autoflowering.html
Do-Si-Dos Automatic (Royal Queen Seeds) feminisiert,Do-Si-Dos Automatic,Royal Queen Seeds,F,20,5,35,60,https://www.zamnesia.com/de/6799-royal-queen-seeds-do-si-dos-automatic.html
Royal AK Automatic (Royal Queen Seeds) feminisiert,Royal AK Automatic,Royal Queen Seeds,F,15,10,0,0,https://www.zamnesia.com/de/123-royal-queen-seeds-ak-automatic.html
Granddaddy Purple Automatic (Royal Queen Seeds) feminisiert,Granddaddy Purple Automatic,Royal Queen Seeds,F,19,5,25,75,https://www.zamnesia.com/de/11550-royal-queen-seeds-granddaddy-purple-automatic.html
Cherry Pie Automatic (Royal Queen Seeds) feminisiert,Cherry Pie Automatic,Royal Queen Seeds,F,19,5,30,65,https://www.zamnesia.com/de/11546-royal-queen-seeds-cherry-pie-automatic.html
GOAT'lato Automatic (Royal Queen Seeds) feminisiert,GOAT'lato Automatic,Royal Queen Seeds,F,20,5,35,65,https://www.zamnesia.com/de/11453-royal-queen-seeds-goat-lato-automatic.html
Triple GAutomatic (Royal Queen Seeds) feminisiert,Triple GAutomatic,Royal Queen Seeds,F,20,5,0,80,https://www.zamnesia.com/de/8078-royal-queen-seeds-triple-g-automatic.html
Royal CBDV Automatic (Royal Queen Seeds) feminisiert,Royal CBDV Automatic,Royal Queen Seeds,F,1,5,0,0,https://www.zamnesia.com/de/6806-royal-queen-seeds-royal-cbdv-automatic.html
Bubble Kush Automatic (Royal Queen Seeds) feminisiert,Bubble Kush Automatic,Royal Queen Seeds,F,16,5,0,0,https://www.zamnesia.com/de/2881-royal-queen-seeds-bubble-kush-automatic-feminisiert.html
Royal Haze Automatic (Royal Queen Seeds) feminisiert,Royal Haze Automatic,Royal Queen Seeds,F,15,10,0,0,https://www.zamnesia.com/de/121-royal-queen-seeds-haze-automatic.html
Apple Fritter Automatic (Royal Queen Seeds) feminisiert,Apple Fritter Automatic,Royal Queen Seeds,F,23,5,0,0,https://www.zamnesia.com/de/10126-royal-queen-seeds-apple-fritter-automatic.html
Purple Queen Automatic (Royal Queen Seeds) feminisiert,Purple Queen Automatic,Royal Queen Seeds,F,16,0,15,80,https://www.zamnesia.com/de/5943-royal-queen-seeds-purple-queen-automatic-feminisiert.html
Diesel Automatic (Royal Queen Seeds) feminisiert,Diesel Automatic,Royal Queen Seeds,F,15,5,0,0,https://www.zamnesia.com/de/1742-royal-queen-seeds-diesel-automatic-feminisiert.html
Royal Cheese Automatic (Royal Queen Seeds) feminisiert,Royal Cheese Automatic,Royal Queen Seeds,F,12,10,0,0,https://www.zamnesia.com/de/1739-royal-queen-seeds-royal-cheese-automatic-feminisiert.html
Pink Mist Automatic (Royal Queen Seeds) feminisiert,Pink Mist Automatic,Royal Queen Seeds,F,17,5,65,35,https://www.zamnesia.com/de/12698-royal-queen-seeds-pink-mist-automatic.html
Royal Creamatic (Royal Queen Seeds) feminisiert,Royal Creamatic,Royal Queen Seeds,F,15,10,0,0,https://www.zamnesia.com/de/126-royal-queen-seeds-creamatic-autoflowering.html
Sherbet Queen Automatic (Royal Queen Seeds) feminisiert,Sherbet Queen Automatic,Royal Queen Seeds,F,20,5,0,0,https://www.zamnesia.com/de/6796-royal-queen-seeds-sherbet-queen-automatic.html
Haze Berry Automatic (Royal Queen Seeds) feminisiert,Haze Berry Automatic,Royal Queen Seeds,F,13,5,70,0,https://www.zamnesia.com/de/5944-royal-queen-seeds-haze-berry-automatic-feminisiert.html
Sweet Skunk Automatic (Royal Queen Seeds) feminisiert,Sweet Skunk Automatic,Royal Queen Seeds,F,15,10,10,60,https://www.zamnesia.com/de/1743-royal-queen-seeds-Sweet-skunk-automatic-feminisiert.html
Royal Critical Automatic (Royal Queen Seeds) feminisiert,Royal Critical Automatic,Royal Queen Seeds,F,14,10,15,50,https://www.zamnesia.com/de/120-royal-queen-seeds-critical-automatic.html
Watermelon Automatic (Royal Queen Seeds) feminisiert,Watermelon Automatic,Royal Queen Seeds,F,20,5,0,0,https://www.zamnesia.com/de/6794-royal-queen-seeds-watermelon-automatic.html
NYC Sour D Automatic (Royal Queen Seeds) feminisiert,NYC Sour D Automatic,Royal Queen Seeds,F,21,5,75,25,https://www.zamnesia.com/de/11452-royal-queen-seeds-nyc-sour-d-automatic.html
Autoflowering Mix (Royal Queen Seeds) feminisiert,Autoflowering Mix,Royal Queen Seeds,F,13,13,0,0,https://www.zamnesia.com/de/125-royal-queen-seeds-autoflowering-mix-royal-queen-seeds-feminisiert.html
Sticky Queen Auto (Royal Queen Seeds) feminisiert,Sticky Queen Auto,Royal Queen Seeds,F,20,5,0,35,https://www.zamnesia.com/de/13644-royal-queen-seeds-sticky-queen-auto.html
Auto White Widow (Pyramid Seeds) feminisiert,Auto White Widow,Pyramid Seeds,F,23,1,50,50,https://www.zamnesia.com/de/1917-pyramid-seeds-Auto-white-widow-autoflowering.html
Mikromachine Auto (Kannabia) feminisiert,Mikromachine Auto,Kannabia,F,15,1,0,0,https://www.zamnesia.com/de/620-kannabia-mikromachine-autoflowering.html
Auto Anubis (Pyramid Seeds) feminisiert,Auto Anubis,Pyramid Seeds,F,20,1,30,70,https://www.zamnesia.com/de/1921-pyramid-seeds-Auto-anubis-autoflowering.html
Amnesia Haze Auto (Barney's Farm) feminisiert,Amnesia Haze Auto,Barney's Farm,F,21,1,0,0,https://www.zamnesia.com/de/7600-barney-s-farm-amnesia-haze-auto.html
White Widow XXL Auto (Barney's Farm) feminisiert,White Widow XXL Auto,Barney's Farm,F,1,0,30,70,https://www.zamnesia.com/de/8167-barneys-farm-white-widow-auto.html
Auto Tutankhamon (Pyramid Seeds) feminisiert,Auto Tutankhamon,Pyramid Seeds,F,25,2,60,40,https://www.zamnesia.com/de/1898-pyramid-seeds-Auto-tutankhamon-feminisiert.html
Zkittlez OG Auto (Barney's Farm) feminisiert,Zkittlez OG Auto,Barney's Farm,F,20,5,0,0,https://www.zamnesia.com/de/5537-barneys-farm-zkittlez-og-Auto-feminisiert.html
Lemon Haze Auto (Barney's Farm) feminisiert,Lemon Haze Auto,Barney's Farm,F,22,5,70,30,https://www.zamnesia.com/de/10548-barney-s-farm-lemon-haze-auto.html
Sour Diesel Auto (Barney's Farm) feminisiert,Sour Diesel Auto,Barney's Farm,F,23,5,60,40,https://www.zamnesia.com/de/10822-barneys-farm-sour-diesel-auto.html
Lemon Haze Auto (Kannabia) feminisiert,Lemon Haze Auto,Kannabia,F,18,1,0,0,https://www.zamnesia.com/de/5960-kannabia-lemon-haze-Auto-feminisiert.html
Auto Blue Pyramid (Pyramid Seeds) feminisiert,Auto Blue Pyramid,Pyramid Seeds,F,24,1,20,80,https://www.zamnesia.com/de/1895-pyramid-seeds-Auto-blue-autoflowering.html
Auto New York City (Pyramid Seeds) feminisiert,Auto New York City,Pyramid Seeds,F,20,1,70,30,https://www.zamnesia.com/de/1920-pyramid-seeds-Auto-new-york-city-autoflowering.html
Super Skunk Autoflowering (Vision Seeds) feminisiert,Super Skunk Autoflowering,Vision Seeds,F,14,10,0,0,https://www.zamnesia.com/de/2452-vision-seeds-super-skunk-autoflowering-feminisiert.html
Sunset Sherbet Go Fast (Kannabia) feminisiert,Sunset Sherbet Go Fast,Kannabia,F,22,1,30,70,https://www.zamnesia.com/de/14285-kannabia-sunset-sherbet-go-fast.html
Moby Dick Auto (Barney's Farm) feminisiert,Moby Dick Auto,Barney's Farm,F,22,5,70,30,https://www.zamnesia.com/de/7594-barney-s-farm-moby-dick-auto.html
GG#4 Auto (Barney's Farm) feminisiert,GG#4 Auto,Barney's Farm,F,25,5,45,55,https://www.zamnesia.com/de/6162-barneys-farm-gorilla-glue-auto-feminisiert.html
Orange Bud Auto (Nirvana) Feminisiert,Orange Bud Auto,Nirvana,F,10,10,0,0,https://www.zamnesia.com/de/7714-nirvana-orange-bud-auto.html
Runtz Auto (Barney's Farm) feminisiert,Runtz Auto,Barney's Farm,F,10,5,0,0,https://www.zamnesia.com/de/6656-barneys-farm-runtz-auto.html
Vision Gelato Auto (Vision Seeds) feminisiert,Vision Gelato Auto,Vision Seeds,F,20,5,40,60,https://www.zamnesia.com/de/5693-vision-seeds-vision-gelato-Auto-feminisiert.html
Northern Lights Autoflowering (Vision Seeds) feminisiert,Northern Lights Autoflowering,Vision Seeds,F,18,10,0,0,https://www.zamnesia.com/de/286-vision-seeds-northern-lights-autoflowering.html
AK-49 Autoflowering (Vision Seeds) feminisiert,AK-49 Autoflowering,Vision Seeds,F,20,10,50,50,https://www.zamnesia.com/de/2451-vision-seeds-ak-49-autoflowering-feminisiert.html
Watermelon Zkittlez Auto (Barney's Farm) feminisiert,Watermelon Zkittlez Auto,Barney's Farm,F,26,5,0,0,https://www.zamnesia.com/de/6662-barneys-farm-watermelon-zkittlez-auto.html
Auto Anesthesia (Pyramid Seeds) feminisiert,Auto Anesthesia,Pyramid Seeds,F,20,2,10,90,https://www.zamnesia.com/de/1916-pyramid-seeds-Auto-anesthesia-autoflowering.html
Strawberry Haze Auto (Kannabia) feminisiert,Strawberry Haze Auto,Kannabia,F,15,5,70,30,https://www.zamnesia.com/de/7976-kannabia-strawberry-haze-auto.html
LSD Auto (Barney's Farm) feminisiert,LSD Auto,Barney's Farm,F,10,5,30,70,https://www.zamnesia.com/de/5539-barneys-farm-lsd-Auto-feminisiert.html
Hawaii Maui Waui Auto (Nirvana) feminisiert,Hawaii Maui Waui Auto,Nirvana,F,20,5,0,0,https://www.zamnesia.com/de/7724-nirvana-hawaii-maui-waui-auto.html
Wedding Cake Auto (Barney's Farm) feminisiert,Wedding Cake Auto,Barney's Farm,F,24,2,0,65,https://www.zamnesia.com/de/6164-barneys-farm-wedding-cake-Auto-feminisiert.html
Purple Punch Auto (Barney's Farm) feminisiert,Purple Punch Auto,Barney's Farm,F,18,1,0,80,https://www.zamnesia.com/de/5749-barneys-farm-purple-punch-Auto-feminisiert.html
Swiss Dream Rosé Auto CBD (Kannabia) feminisiert,Swiss Dream Rosé Auto CBD,Kannabia,F,1,7,0,0,https://www.zamnesia.com/de/5641-kannabia-swiss-dream-rose-Auto-cbd-feminisiert.html
Swiss Dream Auto CBD (Kannabia) feminisiert,Swiss Dream Auto CBD,Kannabia,F,1,20,0,0,https://www.zamnesia.com/de/5393-kannabia-swiss-dream-Auto-cbd-feminisiert.html
Taison Auto (VIP Seeds) feminisiert,Taison Auto,VIP Seeds,F,20,0,0,0,https://www.zamnesia.com/de/2239-vip-seeds-taison-autoflowering.html
OG Kush Auto (Barney's Farm) feminisiert,OG Kush Auto,Barney's Farm,F,24,1,80,20,https://www.zamnesia.com/de/10547-barneys-farm-og-kush-auto.html
Auto Super Hash (Pyramid Seeds) feminisiert,Auto Super Hash,Pyramid Seeds,F,20,2,10,90,https://www.zamnesia.com/de/1919-pyramid-seeds-Auto-super-hash-autoflowering.html
Pineapple Express Auto (Barney's Farm) feminisiert,Pineapple Express Auto,Barney's Farm,F,15,0,0,0,https://www.zamnesia.com/de/166-barneys-farm-pineapple-express-autoflowering.html
Polar Gelato Auto (Sherbinskis x Silent Seeds) feminisiert,Polar Gelato Auto,Sherbinskis x Silent Seeds,F,23,1,0,0,https://www.zamnesia.com/de/9398-sherbinskis-silent-seeds-polar-gelato-auto.html
Dosidos Auto (Kannabia) feminisiert,Dosidos Auto,Kannabia,F,20,5,0,0,https://www.zamnesia.com/de/7980-kannabia-dosidos-auto.html
Gelato Auto (Nirvana) feminisiert,Gelato Auto,Nirvana,F,22,1,0,0,https://www.zamnesia.com/de/7709-nirvana-gelato-auto.html
CBG Auto (Kannabia) feminisiert,CBG Auto,Kannabia,F,1,1,0,0,https://www.zamnesia.com/de/6839-kannabia-cbg-auto.html
CBDV Auto (Kannabia) feminisiert,CBDV Auto,Kannabia,F,1,4,0,0,https://www.zamnesia.com/de/6836-kannabia-cbdv-auto.html
Auto Cannabis Light (Ministry of Cannabis) feminisiert,Auto Cannabis Light,Ministry of Cannabis,F,1,15,75,5,https://www.zamnesia.com/de/5586-ministry-of-cannabis-Auto-cannabis-light-feminisiert.html
Auto Mandarin Haze (Ministry Of Cannabis) feminisiert,Auto Mandarin Haze,Ministry Of Cannabis,F,19,0,65,0,https://www.zamnesia.com/de/5077-ministry-of-cannabis-Auto-mandarin-haze-feminisiert.html
Ogre (Doctor's Choice) feminisiert,Ogre,Doctor's Choice,F,10,0,0,0,https://www.zamnesia.com/de/2473-joint-doctor-ogre-feminisiert.html
Kritikal Bilbo Auto (Genehtik Seeds) feminisiert,Kritikal Bilbo Auto,Genehtik Seeds,F,10,0,0,0,https://www.zamnesia.com/de/1935-genehtik-seeds-kritikal-bilbo-Auto-autoflowering.html
Auto Lennon (Pyramid Seeds) feminisiert,Auto Lennon,Pyramid Seeds,F,13,1,80,20,https://www.zamnesia.com/de/1914-pyramid-seeds-Auto-lennon-feminisiert.html
Auto Nefertiti (Pyramid Seeds) feminisiert,Auto Nefertiti,Pyramid Seeds,F,21,1,80,20,https://www.zamnesia.com/de/1913-pyramid-seeds-Auto-nefertiti-autoflowering.html
Auto Shark (Pyramid Seeds) feminisiert,Auto Shark,Pyramid Seeds,F,22,1,20,80,https://www.zamnesia.com/de/1912-pyramid-seeds-Auto-shark-autoflowering.html
Autopilot XXL (Ministry of Cannabis) feminisiert,Autopilot XXL,Ministry of Cannabis,F,15,0,0,0,https://www.zamnesia.com/de/1604-ministry-of-cannabis-autopilot-xxl-feminisiert.html
Short Rider Auto (Nirvana) feminisiert,Short Rider Auto,Nirvana,F,15,1,0,0,https://www.zamnesia.com/de/1569-nirvana-seeds-short-rider-Auto-feminisiert.html
